INSERT INTO user_data (user_id, first_name, last_name, middle_name, birth_date, priority_email, phone_number, state,
                       admin_approval, avatar_url)
VALUES ('11111111-1111-1111-1111-111111111111', 'John', 'Smith', 'Michael', '1970-05-15', 'john.smith@dentalclinic.com',
        '+7 (123) 456-78-90', 'ACTIVE', true, NULL),
       ('22222222-2222-2222-2222-222222222222', 'Emily', 'Johnson', 'Anne', '1975-08-22',
        'emily.johnson@dentalclinic.com',
        '+7 (123) 456-78-91', 'ACTIVE', true, NULL),
       ('33333333-3333-3333-3333-333333333333', 'Robert', 'Williams', 'James', '1968-03-10',
        'robert.williams@dentalclinic.com',
        '+7 (123) 456-78-92', 'ACTIVE', true, NULL),
       ('44444444-4444-4444-4444-444444444444', 'Sarah', 'Brown', 'Elizabeth', '1972-11-30',
        'sarah.brown@dentalclinic.com',
        '+7 (123) 456-78-93', 'ACTIVE', true, NULL),
       ('55555555-5555-5555-5555-555555555555', 'Michael', 'Jones', 'David', '1965-07-18',
        'michael.jones@dentalclinic.com',
        '+7 (123) 456-78-94', 'ACTIVE', true, NULL),
       ('66666666-6666-6666-6666-666666666666', 'Jennifer', 'Garcia', 'Marie', '1978-09-25',
        'jennifer.garcia@dentalclinic.com',
        '+7 (123) 456-78-95', 'ACTIVE', true, NULL),
       ('77777777-7777-7777-7777-777777777777', 'David', 'Miller', 'Thomas', '1973-04-05',
        'david.miller@dentalclinic.com',
        '+7 (123) 456-78-96', 'ACTIVE', true, NULL),
       ('88888888-8888-8888-8888-888888888888', 'Lisa', 'Davis', 'Patricia', '1976-12-12',
        'lisa.davis@dentalclinic.com',
        '+7 (123) 456-78-97', 'ACTIVE', true, NULL),
       ('99999999-9999-9999-9999-999999999999', 'James', 'Rodriguez', 'Anthony', '1969-02-28',
        'james.rodriguez@dentalclinic.com',
        '+7 (123) 456-78-98', 'ACTIVE', true, NULL),
       ('10101010-1010-1010-1010-101010101010', 'Jessica', 'Wilson', 'Christine', '1974-06-20',
        'jessica.wilson@dentalclinic.com',
        '+7 (123) 456-78-99', 'ACTIVE', true, NULL),
       ('12121212-1212-1212-1212-121212121212', 'Daniel', 'Martinez', 'Joseph', '1971-01-14',
        'daniel.martinez@dentalclinic.com',
        '+7 (123) 456-79-00', 'ACTIVE', true, NULL),
       ('13131313-1313-1313-1313-131313131313', 'Amanda', 'Anderson', 'Louise', '1977-10-08',
        'amanda.anderson@dentalclinic.com',
        '+7 (123) 456-79-01', 'ACTIVE', true, NULL),
       ('14141414-1414-1414-1414-141414141414', 'Christopher', 'Taylor', 'Robert', '1967-07-03',
        'christopher.taylor@dentalclinic.com',
        '+7 (123) 456-79-02', 'ACTIVE', true, NULL),
       ('15151515-1515-1515-1515-151515151515', 'Melissa', 'Thomas', 'Ann', '1979-04-19',
        'melissa.thomas@dentalclinic.com',
        '+7 (123) 456-79-03', 'ACTIVE', true, NULL),
       ('16161616-1616-1616-1616-161616161616', 'Matthew', 'Hernandez', 'Paul', '1974-12-25',
        'matthew.hernandez@dentalclinic.com',
        '+7 (123) 456-79-04', 'ACTIVE', true, NULL),
       ('17171717-1717-1717-1717-171717171717', 'Stephanie', 'Moore', 'Grace', '1976-09-11',
        'stephanie.moore@dentalclinic.com',
        '+7 (123) 456-79-05', 'ACTIVE', true, NULL),
       ('18181818-1818-1818-1818-181818181818', 'Andrew', 'Martin', 'Edward', '1972-03-30',
        'andrew.martin@dentalclinic.com',
        '+7 (123) 456-79-06', 'ACTIVE', true, NULL),
       ('19191919-1919-1919-1919-191919191919', 'Nicole', 'Jackson', 'Marie', '1978-06-22',
        'nicole.jackson@dentalclinic.com',
        '+7 (123) 456-79-07', 'ACTIVE', true, NULL),
       ('20202020-2020-2020-2020-202020202020', 'Kevin', 'White', 'Charles', '1970-11-05',
        'kevin.white@dentalclinic.com',
        '+7 (123) 456-79-08', 'ACTIVE', true, NULL),
       ('21212121-2121-2121-2121-212121212121', 'Rachel', 'Lee', 'Michelle', '1975-08-17',
        'rachel.lee@dentalclinic.com',
        '+7 (123) 456-79-09', 'ACTIVE', true, NULL);

INSERT INTO user_role (user_id, role)
VALUES ('11111111-1111-1111-1111-111111111111', 'DENTIST'),
       ('22222222-2222-2222-2222-222222222222', 'DENTIST'),
       ('33333333-3333-3333-3333-333333333333', 'DENTIST'),
       ('44444444-4444-4444-4444-444444444444', 'DENTIST'),
       ('55555555-5555-5555-5555-555555555555', 'DENTIST'),
       ('66666666-6666-6666-6666-666666666666', 'DENTIST'),
       ('77777777-7777-7777-7777-777777777777', 'DENTIST'),
       ('88888888-8888-8888-8888-888888888888', 'DENTIST'),
       ('99999999-9999-9999-9999-999999999999', 'DENTIST'),
       ('10101010-1010-1010-1010-101010101010', 'DENTIST'),
       ('12121212-1212-1212-1212-121212121212', 'DENTIST'),
       ('13131313-1313-1313-1313-131313131313', 'DENTIST'),
       ('14141414-1414-1414-1414-141414141414', 'DENTIST'),
       ('15151515-1515-1515-1515-151515151515', 'DENTIST'),
       ('16161616-1616-1616-1616-161616161616', 'DENTIST'),
       ('17171717-1717-1717-1717-171717171717', 'DENTIST'),
       ('18181818-1818-1818-1818-181818181818', 'DENTIST'),
       ('19191919-1919-1919-1919-191919191919', 'DENTIST'),
       ('20202020-2020-2020-2020-202020202020', 'DENTIST'),
       ('21212121-2121-2121-2121-212121212121', 'DENTIST');

INSERT INTO dentist (dentist_id, user_id, specialization, experience, education, about)
VALUES ('a1b2c3d4-e5f6-7890-1234-567890abcdef', '11111111-1111-1111-1111-111111111111',
        'aa11bc99-9c0b-4ef8-bb6d-6bb9bd380a11',
        25, 'Harvard School of Dental Medicine',
        'With over 25 years of experience in general dentistry, I specialize in comprehensive oral health care. My approach combines the latest techniques with personalized care to ensure optimal results for each patient. I have extensive experience in preventive care, restorative treatments, and cosmetic dentistry. My philosophy is to treat every patient with compassion and respect while delivering the highest standard of dental care.'),

       ('b2c3d4e5-f6a7-8901-2345-67890abcdef1', '22222222-2222-2222-2222-222222222222',
        'bb22bc99-9c0b-4ef8-bb6d-6bb9bd380a12',
        20, 'University of Pennsylvania School of Dental Medicine',
        'As an orthodontist with two decades of experience, I am passionate about creating beautiful, healthy smiles. I specialize in traditional braces, clear aligners, and other orthodontic treatments for patients of all ages. My goal is to provide customized treatment plans that align with each patient''s unique needs and lifestyle. I stay current with the latest advancements in orthodontic technology to ensure the best possible outcomes.'),

       ('c3d4e5f6-a7b8-9012-3456-7890abcdef12', '33333333-3333-3333-3333-333333333333',
        'cc33bc99-9c0b-4ef8-bb6d-6bb9bd380a13',
        28, 'University of California, Los Angeles School of Dentistry',
        'With nearly 30 years of experience in periodontics, I specialize in the prevention, diagnosis, and treatment of periodontal disease. My expertise includes gum grafting, dental implants, and laser periodontal therapy. I am committed to providing gentle, effective care that promotes long-term oral health. I believe in educating patients about their conditions and involving them in treatment decisions.'),

       ('d4e5f6a7-b8c9-0123-4567-890abcdef123', '44444444-4444-4444-4444-444444444444',
        'dd44bc99-9c0b-4ef8-bb6d-6bb9bd380a14',
        22, 'Columbia University College of Dental Medicine',
        'As an endodontist, I specialize in root canal therapy and saving teeth that might otherwise need extraction. With over 20 years of experience, I utilize advanced techniques including microscopic endodontics to ensure precise, comfortable treatment. My focus is on making every procedure as pain-free as possible while achieving the best long-term results for my patients.'),

       ('e5f6a7b8-c9d0-1234-5678-90abcdef1234', '55555555-5555-5555-5555-555555555555',
        'ee55bc99-9c0b-4ef8-bb6d-6bb9bd380a15',
        30, 'University of Michigan School of Dentistry',
        'With three decades of experience in prosthodontics, I specialize in the restoration and replacement of teeth. My expertise includes dental implants, crowns, bridges, and dentures. I take pride in creating natural-looking, functional restorations that improve both oral health and quality of life. My approach combines artistic skill with technical precision to achieve optimal aesthetic and functional results.'),

       ('f6a7b8c9-d0e1-2345-6789-0abcdef12345', '66666666-6666-6666-6666-666666666666',
        'ff66bc99-9c0b-4ef8-bb6d-6bb9bd380a16',
        18, 'New York University College of Dentistry',
        'As an oral and maxillofacial surgeon, I perform a wide range of surgical procedures including wisdom tooth extraction, dental implants, and corrective jaw surgery. With nearly 20 years of experience, I am committed to providing safe, effective surgical care with minimal discomfort. I utilize the latest techniques and technology to ensure optimal outcomes for my patients.'),

       ('a7b8c9d0-e1f2-3456-789a-bcdef1234567', '77777777-7777-7777-7777-777777777777',
        'aa77bc99-9c0b-4ef8-bb6d-6bb9bd380a17',
        15, 'University of North Carolina at Chapel Hill School of Dentistry',
        'As a pediatric dentist, I specialize in providing dental care for infants, children, and adolescents. My goal is to create positive dental experiences that establish a foundation for lifelong oral health. I use gentle techniques and a child-friendly approach to make dental visits enjoyable. With 15 years of experience, I am skilled in managing the unique dental needs of growing patients.'),

       ('b8c9d0e1-f2a3-4567-89ab-cdef12345678', '88888888-8888-8888-8888-888888888888',
        'bb88bc99-9c0b-4ef8-bb6d-6bb9bd380a18',
        12, 'University of Washington School of Dentistry',
        'As a public health dentist, I focus on improving oral health at the community level. My work includes developing prevention programs, conducting research, and advocating for policies that promote dental health equity. With 12 years of experience, I have worked with diverse populations to address oral health disparities and improve access to care.'),

       ('c9d0e1f2-a3b4-5678-9abc-def123456789', '99999999-9999-9999-9999-999999999999',
        'cc99bc99-9c0b-4ef8-bb6d-6bb9bd380a19',
        20, 'University of Texas Health Science Center at Houston School of Dentistry',
        'As an oral pathologist, I specialize in the diagnosis and management of diseases affecting the oral and maxillofacial regions. With 20 years of experience, I work closely with other dental professionals to provide accurate diagnoses and develop appropriate treatment plans. My expertise includes oral cancer screening and the management of oral manifestations of systemic diseases.'),

       ('d0e1f2a3-b4c5-6789-abcd-ef1234567890', '10101010-1010-1010-1010-101010101010',
        'dd00bc99-9c0b-4ef8-bb6d-6bb9bd380a20',
        17, 'University of Southern California Herman Ostrow School of Dentistry',
        'As an oral medicine specialist, I focus on the diagnosis and non-surgical management of complex oral conditions. My expertise includes oral mucosal diseases, salivary gland disorders, and orofacial pain conditions. With 17 years of experience, I take a comprehensive approach to patient care, considering both oral and systemic health factors.'),

       ('e1f2a3b4-c5d6-789a-bcde-f12345678901', '12121212-1212-1212-1212-121212121212',
        'ee11bc99-9c0b-4ef8-bb6d-6bb9bd380a21',
        19, 'University of Florida College of Dentistry',
        'As a cosmetic dentist, I specialize in enhancing the appearance of smiles through procedures like veneers, teeth whitening, and smile makeovers. With nearly 20 years of experience, I combine artistic vision with technical skill to create beautiful, natural-looking results. My approach focuses on achieving aesthetic improvements while maintaining optimal oral health and function.'),

       ('f2a3b4c5-d6e7-89ab-cdef-123456789012', '13131313-1313-1313-1313-131313131313',
        'ff22bc99-9c0b-4ef8-bb6d-6bb9bd380a22',
        14, 'Boston University Henry M. Goldman School of Dental Medicine',
        'As a geriatric dentist, I specialize in addressing the unique oral health needs of older adults. My expertise includes managing age-related dental conditions, adapting treatments for medically complex patients, and providing care for patients with dementia. With 14 years of experience, I am committed to helping seniors maintain their oral health and quality of life.'),

       ('a3b4c5d6-e7f8-9abc-def1-234567890123', '14141414-1414-1414-1414-141414141414',
        'aa33bc99-9c0b-4ef8-bb6d-6bb9bd380a23',
        25, 'University of Maryland School of Dentistry',
        'As a forensic odontologist, I apply dental science to legal matters, including identification of human remains and analysis of bite mark evidence. With 25 years of experience, I have worked with law enforcement agencies and medical examiners on numerous cases. My work bridges the gap between dentistry and the justice system, helping to solve crimes and identify unknown individuals.'),

       ('b4c5d6e7-f8a9-bcde-f123-456789012345', '15151515-1515-1515-1515-151515151515',
        'bb44bc99-9c0b-4ef8-bb6d-6bb9bd380a24',
        10, 'University of the Pacific Arthur A. Dugoni School of Dentistry',
        'As a special needs dentist, I specialize in providing dental care for patients with physical, developmental, or cognitive disabilities. With 10 years of experience, I am skilled in adapting treatment approaches to meet each patient''s unique needs. My goal is to make dental care accessible and comfortable for all patients, regardless of their challenges.'),

       ('c5d6e7f8-a9b0-cdef-1234-567890123456', '16161616-1616-1616-1616-161616161616',
        'cc55bc99-9c0b-4ef8-bb6d-6bb9bd380a25',
        16, 'University of Illinois at Chicago College of Dentistry',
        'As an implantologist, I specialize in dental implant placement and restoration. With 16 years of experience, I have helped hundreds of patients regain their smiles and chewing function. I utilize advanced techniques including guided implant surgery and immediate loading protocols to achieve optimal results. My focus is on providing predictable, long-lasting solutions for tooth replacement.'),

       ('d6e7f8a9-b0c1-def2-3456-789012345678', '17171717-1717-1717-1717-171717171717',
        'aa11bc99-9c0b-4ef8-bb6d-6bb9bd380a11',
        13, 'University of Minnesota School of Dentistry',
        'As a general dentist with 13 years of experience, I provide comprehensive dental care for the whole family. My practice focuses on preventive care, restorative treatments, and patient education. I believe in building long-term relationships with my patients and providing care in a comfortable, anxiety-free environment. My goal is to help each patient achieve and maintain optimal oral health.'),

       ('e7f8a9b0-c1d2-ef34-5678-901234567890', '18181818-1818-1818-1818-181818181818',
        'bb22bc99-9c0b-4ef8-bb6d-6bb9bd380a12',
        11, 'University of Pittsburgh School of Dental Medicine',
        'As an orthodontist, I am dedicated to creating beautiful, functional smiles through customized treatment plans. With 11 years of experience, I offer a range of options including traditional braces, clear aligners, and lingual braces. I take pride in staying current with the latest orthodontic technologies and techniques to provide my patients with the most effective and efficient treatments available.'),

       ('f8a9b0c1-d2e3-f456-7890-123456789012', '19191919-1919-1919-1919-191919191919',
        'cc33bc99-9c0b-4ef8-bb6d-6bb9bd380a13',
        9, 'University of Iowa College of Dentistry',
        'As a periodontist, I specialize in the treatment of gum disease and the placement of dental implants. With 9 years of experience, I focus on providing gentle, effective periodontal care that promotes long-term oral health. I utilize minimally invasive techniques whenever possible and am committed to making periodontal treatment as comfortable as possible for my patients.'),

       ('a9b0c1d2-e3f4-5678-9012-345678901234', '20202020-2020-2020-2020-202020202020',
        'dd44bc99-9c0b-4ef8-bb6d-6bb9bd380a14',
        14, 'University of Colorado School of Dental Medicine',
        'As an endodontist, I specialize in saving teeth through root canal therapy and other endodontic treatments. With 14 years of experience, I utilize advanced technologies including digital imaging and operating microscopes to ensure precise, comfortable treatment. My approach focuses on patient comfort and achieving the best possible outcomes for each case.'),

       ('b0c1d2e3-f4a5-6789-0123-456789012345', '21212121-2121-2121-2121-212121212121',
        'ee55bc99-9c0b-4ef8-bb6d-6bb9bd380a15',
        12, 'Tufts University School of Dental Medicine',
        'As a prosthodontist, I specialize in the restoration and replacement of teeth to improve both function and appearance. With 12 years of experience, I create custom dental prostheses including crowns, bridges, dentures, and implant-supported restorations. My work combines technical precision with artistic skill to achieve natural-looking, durable results that enhance my patients'' quality of life.');